{"mpii_image": "012331849.jpg", "mpii_annorect_idx": 0, "mpii_body_pts": [[1344.0, 541.0, 1.0], [1359.0, 260.0, 1.0], [1360.042724609375, 250.2104034423828, 0.0], [1375.957275390625, 100.78959655761719, 0.0], [1232.0, 963.0, 1.0], [1275.0, 739.0, 1.0], [1265.0, 542.0, 1.0], [1422.0, 540.0, 1.0], [1417.0, 751.0, 1.0], [1441.0, 975.0, 1.0], [1193.0, 566.0, 1.0], [1215.0, 415.0, 1.0], [1260.0, 263.0, 1.0], [1458.0, 256.0, 1.0], [1462.0, 415.0, 1.0], [1479.0, 557.0, 1.0]], "hand_pts": [[1195.293701171875, 576.0780029296877, 1.0], [1207.9671630859377, 583.6097412109376, 1.0], [1215.0820312499998, 605.0973510742188, 1.0], [1216.6384277343748, 624.59130859375, 1.0], [1219.0842285156245, 639.4332885742188, 1.0], [1187.0670166015625, 614.1798095703127, 1.0], [1189.7351074218752, 643.4207153320312, 1.0], [1199.0734863281248, 656.9335327148438, 1.0], [1206.4107666015627, 664.9083251953124, 1.0], [1186.6223144531248, 615.73046875, 1.0], [1188.6234130859373, 643.86376953125, 1.0], [1200.8521728515623, 658.9272460937498, 1.0], [1208.8564453124998, 666.9020385742188, 1.0], [1185.2883300781248, 617.0595703125, 1.0], [1188.6234130859373, 644.3068237304686, 1.0], [1198.8510742187498, 657.8196411132811, 1.0], [1205.0766601562502, 664.2437744140626, 1.0], [1185.0659179687502, 618.6102294921874, 1.0], [1187.0670166015625, 638.1041870117188, 1.0], [1193.9595947265627, 648.2941894531251, 1.0], [1201.5191650390625, 653.389221191406, 1.0]], "head_box": [[1318.0, 96.0], [1418.0, 255.0]], "head_size": 159.0, "hand_box_center": [1202.0750732421875, 621.4900207519532], "is_left": 0, "is_mpii": 1}