{"mpii_image": "005473964.jpg", "mpii_annorect_idx": 0, "mpii_body_pts": [[1291.0, 596.0, 1.0], [1288.0, 281.0, 1.0], [1277.2674560546875, 217.46319580078125, 0.0], [1248.7325439453125, 48.536800384521484, 0.0], [1354.0, 915.0, 1.0], [1308.0, 762.0, 0.0], [1239.0, 593.0, 1.0], [1342.0, 598.0, 1.0], [1291.0, 810.0, 1.0], [1204.0, 1076.0, 1.0], [1058.0, 486.0, 1.0], [1127.0, 407.0, 1.0], [1176.0, 279.0, 1.0], [1400.0, 282.0, 1.0], [1469.0, 445.0, 1.0], [1479.0, 611.0, 1.0]], "hand_pts": [[1049.0267333984375, 503.50332641601557, 1.0], [1052.3248291015625, 490.0164489746093, 1.0], [1042.7968750000002, 479.81018066406256, 1.0], [1033.6353759765625, 486.7358703613281, 1.0], [1026.3062744140625, 492.9325561523437, 1.0], [1009.0826416015625, 498.76470947265625, 1.0], [1012.3807983398439, 520.2708129882814, 1.0], [1030.7037353515625, 515.5321655273438, 1.0], [1037.6665039062502, 510.42901611328125, 1.0], [1007.6168212890625, 515.5321655273438, 1.0], [1014.2130737304689, 530.8415527343749, 1.0], [1033.6353759765625, 526.8319702148438, 1.0], [1044.629150390625, 514.8031616210938, 1.0], [1007.2503662109375, 528.289978027344, 1.0], [1018.610595703125, 545.0574340820311, 1.0], [1031.8031005859373, 539.5898437500001, 1.0], [1042.430419921875, 531.5706176757812, 1.0], [1012.3807983398439, 538.8607788085938, 1.0], [1016.4118041992186, 544.3284301757812, 1.0], [1036.5671386718748, 537.0382690429686, 1.0], [1039.1323242187495, 535.2156982421876, 1.0]], "head_box": [[1202.0, 45.0], [1324.0, 221.0]], "head_size": 176.0, "hand_box_center": [1029.78759765625, 512.4338073730469], "is_left": 0, "is_mpii": 1}