{"mpii_body_pts": [[0.0, 0.0, 0.0], [191.876, 134.0995, 0.674823], [188.627, 107.625, 0.524557], [172.351, 29.3779, 0.562771], [0.0, 0.0, 0.0], [0.0, 0.0, 0.0], [0.0, 0.0, 0.0], [0.0, 0.0, 0.0], [0.0, 0.0, 0.0], [0.0, 0.0, 0.0], [166.697, 132.06, 0.555132], [139.819, 216.831, 0.538573], [140.656, 141.031, 0.690503], [243.096, 127.168, 0.659143], [272.366, 223.373, 0.67046], [215.427, 205.457, 0.69582]], "hand_pts": [[174.0029449462891, 126.4629135131836, 1.0], [182.9835662841797, 123.35931396484376, 1.0], [186.83239746093756, 114.23107147216797, 1.0], [190.49795532226562, 106.38078308105467, 1.0], [193.65812683105474, 98.18564605712888, 1.0], [174.3694915771484, 100.17357635498044, 1.0], [178.401611328125, 87.57659912109375, 1.0], [186.46585083007812, 87.57659912109375, 1.0], [191.4430541992187, 92.17037200927733, 1.0], [171.25376892089838, 100.53870391845702, 1.0], [184.39511108398443, 94.17546081542964, 1.0], [187.21429443359375, 99.58921051025389, 1.0], [185.60333251953125, 104.80245208740233, 1.0], [171.43704223632812, 102.36435699462889, 1.0], [187.38223266601565, 95.06175994873048, 1.0], [188.66517639160156, 102.36435699462889, 1.0], [186.28256225585938, 110.21464538574222, 1.0], [176.38555908203128, 105.65052032470703, 1.0], [186.46585083007812, 101.26896667480469, 1.0], [188.11534118652344, 105.65052032470703, 1.0], [187.74879455566406, 109.48438262939453, 1.0]], "head_box": [[146.26863333333333, 29.3779], [198.43336666666667, 107.625]], "head_size": 78.2471, "hand_box_center": [182.45594787597656, 107.01975631713867], "is_left": 0, "is_mpii": 0}